question_id,question_enc,answer_enc,streamlit_link,langsmith_link
Q01,gAAAAABqQUm6GfU5QWsg3S5iaULUZrcwB9ZUDOfV3VDJMAi-qy-VgBta2665TUTEg4uhAwFqkzfZiLthIk56790hylMSQK-A0_S3Yflqq0_v-6MFfBBR8RnIG_39XDhe9zfT3TNsQtFJ_BdjXGnYTXWZ0iDEUK8OmjKmvKR7kiW2PvDJOb2TuVT2bBc3tTmONVrGEbffOO-u2x5-_V2YNtu4jOeesj-7gIcVc4ZlQMfTZuUlXiOmeJLa_w0P9khswe3PgDhI8XCW0-Henwr5Nuz5k7haSp2Jkw==,gAAAAABqQUm6VkJf9XRrXn4CycKgfDWxcboHTjvX6bx_pCJsMalAofdR_PvIyIz2pS7EILKeBTBDaJJJNyTyc5I0baWuvOt6JJ0oabxfiGdxoT6p5X6b3DNCPYkjHzsuHMJg0dC2XdD8kO1BLtysUwGNxOsULB_83EeWEDrs1f2w7a4QUjT_cGiBbZyH6lT7SOqj_T1dadeqhbX80i2F_AkANCoL5CWvC7boW-mMhc0VmIFeBugoSheTeOuTSMGkV26fSG8AV_oUf2aXuUWN4lmTU_I16hdYVTyGPFtgFZcTN8n9SbTVgolFZnk1KdNe78tzF1Ja-wstZxcbgTT5R1fBszxu7Nl-1XSqMSoRRYSUY7CO5LrnTkLkJpvESwgtwk7349jkPUvxBZocdeNhqrYAMumQSVkY4CpkCseP_HXJCMqKuxMOyH9w4d3xV8kND54vqQzjuJ3rqunkhERhUt5pwa0PrVqH68KzxqI7XmHOZtRoA3fw4UX246GPzkqhx0mhlFhoAOcE,https://zyrohr.streamlit.app/,https://smith.langchain.com/o/bdbbe028-e2d8-49e5-a0c3-05b4ee4e2536/projects/p/ce6d8c96-a948-41be-9a86-3069fc6f6e53?timeModel=%7B%22duration%22%3A%221d%22%7D
Q02,gAAAAABqQUnGAFav1AmxAfHQBLZfubBsmf37vaWd5hbx-45O9m4H2J9BFA5kGSiO0r78UcWiA6sR3AKN9kcsPdC1yQ4iZVfaP842GZCwz6Qm5hIb7JktN9JvdtmJOOgRUYQHpT7FrdWAGUeOTA_1yaUfsrpDDPywA6ftkvdSh7TO86BpVSzQpIPYCb8VTw_rm7slB7ngcG8wC9D6TSfKqciNE1A0e1AqAIR3LK2isQpomNrVTxwLpXplLBie0yToIOCSGUAQW1CbF1_gFOWGHFcf8RtMnbsacg==,gAAAAABqQUnG16QQ6bwblcth7FOm-iijbZEkB1wRVbaylsAfTEp0PsjtqNo6sr4SdMQRk9zVZoJLOUddI0ZwfPfPn9FyuDcFr22vP_YKEy1QNa8HYb-hg1znD43fBMiCH4ORHiYXKrDd4cuk7rNJNqSmKqwK8DrSjwxg0seHJb6P_DmvcAZsQyLosy7RqRwYnf6R5hLKzClTX6PgR_epUbkBy9sWTlle5u9k5ewNdYwiVpYfkimnbMCbM-AjWBopg7LR78hSJaCG23vYURMJy8BtQZ4tPhWJ8pfOEqKuZj0yAYfwicolsAyuvqkfHvcvd6qc0A_g2UDZNVFvItyvwZOw-3PRQ2YfJwx_yqfvMFE7vhzfErlHdEDSKun8qlIRezNo7SeI6eTKVj8aqLkPxVxV7roObv_inRJY4M0FuT1haSD90XMv0sdEh9u2SlY4-8oMRIPoAEPS,https://zyrohr.streamlit.app/,https://smith.langchain.com/o/bdbbe028-e2d8-49e5-a0c3-05b4ee4e2536/projects/p/ce6d8c96-a948-41be-9a86-3069fc6f6e53?timeModel=%7B%22duration%22%3A%221d%22%7D
Q03,gAAAAABqQUnT5IB0lrEdCZN7O0GVWT1Ku1zcXfnuBQi-6itrehiVmltHDbK_AmIKb9NMJypuRO0GJqWSiyR_wsLzLL0aiQXeeEOfuriuDi7-kOkl-lhD4vh7Y7-zaM0DoBDszxNA1Ut6OmHnkykd-S_2Z3K_ynd3minzpd-5qIzKPVbePPtyFIqKslGrNPRhLJ1J4oh_FOqLoStyp5UZgoaO_tE2JmsLZmkQ14HHfoEDcxNGGBrUiXU=,gAAAAABqQUnTwhAuGOHGLOf0TqQ_MgAAZzghfaThPmnibG54dZJW0vzQ6PrEkRkXpNVHIPIJ8coeF-n4t7XXJD0bMSCaJV_xg43pNYlQ148HFf1kYK4sz7CnTNyCfOUPEkH324_todYiRYPte441Ib3BRtbXrbFX7ixkLEZGAraKSH-zYPdkMrMrf_tnGEKyVLn2Gj4iYEGs0ettjtpUWnMadN4a6cxIvz29q4WO6vTQbBpxElSzefp2LiDnL5mVs6C_0OhZsazendy3ewnlvP_7ryFE-jXjkaga4BQ2wT9KmZMHbzToGOe7yKZ3-ozH9qoDQeyy30n-kTLP_OcUk6WNPIeMPPN0w6vWt_w6-tVRKNlMbkEXdrah-4TABWo1ZeS4RGVqAZvKKgxRsTkS9Z_LayrQb8YrKoARXzetCXePt_9CZpyRA1iens8foui0r5G3zpjiBFutdh60DHxjL0d6gsE_D77u2-z_3TLKVJpf3Hjx2s504zc=,https://zyrohr.streamlit.app/,https://smith.langchain.com/o/bdbbe028-e2d8-49e5-a0c3-05b4ee4e2536/projects/p/ce6d8c96-a948-41be-9a86-3069fc6f6e53?timeModel=%7B%22duration%22%3A%221d%22%7D
Q04,gAAAAABqQUngjuUWbygpeHUKeRu2ZYaoBys8TbOoJiySnIyMevDURXAnKRYU5kJiSIFJFCi1OBLQQyjwcJ1XuXWo-__sEq0ZyvUVzOmGuURn_0Qp9f7gNnUq1ld0r3QyfSsBMYkb04hqJUAJamtbkwfWnPdUBccxM9GEziz5KBokgZODrNJ7-8bRXzBWoJtcT6Kro0XZE4ecb4JwebNeDuVjDK5SIVbT0fWmR_ZDWaJBGdEnotsxGCo=,gAAAAABqQUngvObuU99EF6EVAfA1Q-BVIImw68rWXN3Qk8wJ-yvvCOTt6UmItRH6I6eK9knVRgH3W7uf6fjNEEM_aNd3ma_BwVMZK5Xnm-hSl_mBwt890K8EZyG2xT3PHY1L_xyw-x5XXFq6X5aaURH7pKNChRd9unWE4eO6o5L7gUnvc06R1U5VCNkdsdgApwSQ6eG74-Rq6gSJqJkUrpCDmeNk2CQ9jIdbvqrVgBjYWdYzEhceP9O_skTxQJX_5sJJpHoP9fEJmaXKkf4w27Oz3mrz7KX3Tw==,https://zyrohr.streamlit.app/,https://smith.langchain.com/o/bdbbe028-e2d8-49e5-a0c3-05b4ee4e2536/projects/p/ce6d8c96-a948-41be-9a86-3069fc6f6e53?timeModel=%7B%22duration%22%3A%221d%22%7D
Q05,gAAAAABqQUnsJji8k_3cuwEOttP3TpauUrp_6Br5NRnhwVnHvGJJGqHtmyrJL-nx-j2DvqaMoULpSdFhnHKZEwe87hJ_v7tliB9HNdV63SiH0x78ScYGsc_LiozxmYKbK8YNYOywgVDaBP8sxMpgyV87LeqCTcoK303YhUR812e8crPhB0O7p2hvW8zR_x3BIl2hlHRvMurG_lZGfZYrqqVl0zMBHDFDJg==,gAAAAABqQUns1Kk7czhga08ZhtEhy2RZXMjWf7T84XBM_n_TdeBfrl__gX1HuORlUriOGUumqx2zPFzAa4SSelbjLNYgZizzSkg9UdbRD8grMEQGVRpE058jLhBbOk9fdaEGrqCujzwuqo0zoZeE-P8WP1L7_G9S3s-VgMYySzEeLQqI75OwWfN5wFdHm9tUw0LJD-Msg95eLkOW82zDlFiTisO9ic_cj6s9Du1OX_BoTMa8xlOzyPyNfUBfWZyX7Xjin1XIPBuveqFLSkz320fA3ifizlgI3vTAp1d9qQRyFFo3Yb02-iKiKe8GPRAQVZGVwjMZlCUC221Eg_6OkhKhPSambC7vp7z7k6RlyiLEHxJml0aNrvWbv-WknK8Owf2lciJrr9HU,https://zyrohr.streamlit.app/,https://smith.langchain.com/o/bdbbe028-e2d8-49e5-a0c3-05b4ee4e2536/projects/p/ce6d8c96-a948-41be-9a86-3069fc6f6e53?timeModel=%7B%22duration%22%3A%221d%22%7D
Q06,gAAAAABqQUn3oWutMJsGFDP590wJ71AjsY4ROzpYq4RvUI9k9slgsk-X5BoIiv_R1hEKp6TlMHq6BkhK415-q-lVTHpQjJZUEaxiusu8k75dQi3e1HeZejWhk2_silBMryRfY0xzBYe39L98J-6ZjOD7WXjba5crhjKLiyfSDEYN5aMFKr9P0PW48WP0rrsGHDm5mW8oWtSw,gAAAAABqQUn3zLFCll_2JpUwA3oECRDZbYZOKiC8Z1HFzd8Yl5aheHI9BdU_aUZH0CzmM0FneZ4boQW6t0rdt-Cm06xMXverj8q00TVicZFjOPRmyIk89KQ-H0zhqgDL2XfjzUNcGInmsZu8XJ78VsZYn0OCHFbTxQEU5O9A_675z_EonJ39Z-xwuU8pI20zFAsfKRZZriX8t-SfyVZzoNf0OC1-BqcYUC5zXD_u2Q4Ab7DeuwGdaYj8WrHlbdhMwNbQQKkNfV_KuSiAu5Dyku9bbBaypGc5KPQvxgbmlypYlBOkHsS1suo=,https://zyrohr.streamlit.app/,https://smith.langchain.com/o/bdbbe028-e2d8-49e5-a0c3-05b4ee4e2536/projects/p/ce6d8c96-a948-41be-9a86-3069fc6f6e53?timeModel=%7B%22duration%22%3A%221d%22%7D
Q07,gAAAAABqQUoCuaG6qU8hAy-B1nL12_SFNsgIJQb6WQ4gXMOUlOiit4p4vfM92KkCDoTdDBHRPJG0YiCJ5XU82TZWixhNFSdyfLJY9TNkoiH1Nr4UnMQCpZUZZcUnGDaMDdkaNph90LcfzRoo3FDQJI5Mx_7X1rxCGhf55SrQYkyWna73h-dne_BjFjYVlw6EUOZefM2cQtYBau--A3NnAkfvKf8A3R9LrW_nSX50OOFcahaEX1m-GQ74paZzsRk23qE_OZll7y4E,gAAAAABqQUoCFWmL4oJ1-4jAEmWQg2l0eiYCngEQJmK8HIqQQ2pMLfVCCMQaEBOOleJ6Bh17udsD2whMme0ieoL0KMqS7RGM9mGoJ8Kg0Hvck9YObo7Ok1lKB7auMQiGs_pFaWDrJEdB3spE2UD2A01Ylu3OyPouLrvg5dAZRGcEmyIP9BqL8zC8VMGGKJo4F7E7KrTmkBG956PI7U0OtP7TKhWSSAHqe6f1actL82-8DlZ_dFge0wehEknbJweKI4A-wtM7fpczCJVdsGAfEeu9X-S3NxPiEqowKEeedCrcZVvxrNGoPzHglqyJv_LfQDe7MgIXNOHSsgwR7EHNqq51pcKxxh3M0uln-nxNsWD58AX-W-DD4wMBsGWBug3g3C-3YeZnxT0pEPox8Vh6F-ZKcF0gNxc44Q==,https://zyrohr.streamlit.app/,https://smith.langchain.com/o/bdbbe028-e2d8-49e5-a0c3-05b4ee4e2536/projects/p/ce6d8c96-a948-41be-9a86-3069fc6f6e53?timeModel=%7B%22duration%22%3A%221d%22%7D
Q08,gAAAAABqQUoOj5bI5ZaAMKabKowagaI-ci0vWMylsQQMOe6QSVJQ93PkKfBJc1MiNG0dK9jiEnu5n9wFi56VtKS7sqdQ2S-FuosLZhwRgN30D75QZ0oOTLCht-jklZyiBpImvNPwjB7ZzNBPU8rK-Hsmq1XHskEhHF0sKyRKNqTGrABXCBkQVLbocHoAiO5llWoxKlV2qTmy0FCChTTZ8YhB8h73ksmmrEpo-AT11OkhSAcmaUIbGYo=,gAAAAABqQUoOeMkJc-TgF0TlPQ-r9T_Gyssgt7n78RYUlc-vLAyDcb_5dGnrjbUKpvQx3AxeYFTKqyHQNK-QbSNAUzkxuLXOeqM63n8Undbl6ezW_6Mzt0zjrfrA-J5f_1tiIpw8ox8-Z4SS-nKS-wC44O2DXfY-pcQPhijhkSBah5xz3xLYnMmBJO6EXEBBg-oEBe13y3wdEW9Z9JwpYW4CE-ciomt6CT0VBGivW1LfhKRHa_MHoL0z4N9lbIujw9GnlMPFLyASpHfunInmwBK_rJ6yYV7T2EKvbdVGxRugKjtMEO3itO7QvmtuR9mxK156Sp7mxPoNDbLqswP60ggh3vmB9_jI2ppHZMTwt6D-tDsuLek_QwSNR7oREccgVUb2jsJ4aqw06Ugymrkardu1VX8pLKvhm9j99vngQUnJDLDZ_-uD67mgaukCVYp5yfiZrRr2LP0z,https://zyrohr.streamlit.app/,https://smith.langchain.com/o/bdbbe028-e2d8-49e5-a0c3-05b4ee4e2536/projects/p/ce6d8c96-a948-41be-9a86-3069fc6f6e53?timeModel=%7B%22duration%22%3A%221d%22%7D
Q09,gAAAAABqQUotU76oR2e-CSAr-5gy1I6KuCqgHaoT9Ra41Ry_bGQSq33YRyLwyMl93tUFifP6i8VhH7f-SZ0mqzj9dhQDd3vEQesz0NaiD4m6OhHZ2PygEY_FTOap6Hy9QPpQmRdpvgcDNfSw21OrOoRudcxvpHsSSHwJutC5x3-aBbiHz024KSHIYrHpQBGEcP6rNHJKka--Hdh6HPjMH1SBTxVujwZ0vA==,gAAAAABqQUot03RRw3R1pAiCCf7Wtic6NC673ecvliugskkDm8VFydW2zLgUVRbY6muPb0W0mxJYHwSClK7osOICJwD6wMjqbv8vakTfKe6jrDqYYAVbJWRApc9xdyuMUbgcma0IWZyX3eSkkFzKaaPcKCG1e0YwlZVWR4sXf7_218hCTFbh4cecKpxsjVY6QFI50rc6sHssOBtY2FEsRmJNgj1EHbKr-aa77tJ9Mi8cceGThsOwYFyw5tOTCgCUHCPIQB6nU2nmAgi8PL_zvk7GqZBKmBu73L53A8HgmLbC1a3CpZGimSKxcEpORDPJTsds_mfHeC3uEy1OfGQkAwJHztrzlGIEgeGkcICnYq9GCBWTzp1ntpCqEW0t1sT827Fml4dhyrMNOhZ3bc2Ss8ElmoVq73Dtxb-9WJ0afnBzGPd8w2Tjp7Epth1hs0DYYTI5wh-qjuM7qlJ8SFEBkI3k-xyxzmzl8B_lRZXVzUCg69NG0up4nwbKxcIlMwE7LwZ0IQmkqMyDHdS0bOkc0NXZC65tQPPoF9pYj6zHmeWabV7rUnRt7-KGHhOI0BOjW3s9mshCzOypB4UwH-rki98JsJhl-dBW4WKvi_jRgR1xwDfqIR47HGb8e6UzojWIploiKOSqKSkOFHsTxoRnRLPsPHxJy2fTWJdsiOQ96vF16UKrJOWvQHb1SDrnMFC--Phd5S9qlPwSH9ZAr7HMTjjICUMT61Z_jjjjF7yrRhn_8LWyA2zyYID6LIxKbUpsrF5ayVnCCvkxjhNmObBOoNoBqlyhJMYqOI3R9dngvTRvt9YfJ6ppKU3LDlAvrpCzQj_3eoOxostFzh501sUCbbVK7y2YRTs2VR8ThqhM10QO8snn5TscXj0=,https://zyrohr.streamlit.app/,https://smith.langchain.com/o/bdbbe028-e2d8-49e5-a0c3-05b4ee4e2536/projects/p/ce6d8c96-a948-41be-9a86-3069fc6f6e53?timeModel=%7B%22duration%22%3A%221d%22%7D
Q10,gAAAAABqQUo7QayzUhPT5UOrBgzYpjVwQkJSzyCBVxtRFTeLS_UU9Lkvh2bX5FaQwK64-p1HSPkIaZGqT-Jhj1Mugtmz0ZZcPkbrqSUGnbhg8H7gZhTg8j8jk3l7XTxtFaN3soqlb4Y7dN7qT8JZ_n-aWIogfRWdVQQQQyaUZr9quREOv522kiOjdVNJiU63HVWt4Eq3DtKlQYm3JC5t6Bmaf4plSesAfvanaBFdN14cSx8vNA-87Po=,gAAAAABqQUo71cWUQ7PEltJU7ZPa5n30aT7wjZZWsBjiv6xfzQAyQaVoAPC9IJO31pWXz9zHd3GXjmvWCL6-c5GSAjgVVry5BxwQs0kUUqCIMY_48YId3v2dfQOMG1L7FVchw48A813wji4v8CAPFMQ1QmUaUBcTQYLGriK75rLJy50JMfZIT1_x1KPjliqZcUl4xPZyicw-zWOnHi_8WqvPHH7Vn6ERLVLWPvSMkpacle1nqaFd0upzSEIU2hZ1r_jYQduUWGQvWayJASrOSxNNxCUjSbBp_0eyWNn4BG_10MAYkW0YKCnCw3H2qT0oKzzFg8kzUPklkbDuNkHXyQiqn24TpHD2hdLikP-OhKIZsO3vDGLTTSBq-CIP_2UorhNL-bHiSPA9qPhFYwuYF8HsOR9b3ZIXaPJBADQ0Ul7vLFxxyln3grrEMOJwe8Lt_twSA2l7PVwn791eZbM19-Ov1_BeCn2eGviI_Zkb9MKebNC64eUkAQrSHx75BVHiNouS0RFV6ypBWCNc_Ff6B2UBVNsI_LoJvvrOantAl4rk_WqzsrwHH3n9Uezk8cDMO1_md40EeJB65pTXjyzA6eRoi6MOQNNBUAS4i-VGOOyA1l7c1hqgw8M=,https://zyrohr.streamlit.app/,https://smith.langchain.com/o/bdbbe028-e2d8-49e5-a0c3-05b4ee4e2536/projects/p/ce6d8c96-a948-41be-9a86-3069fc6f6e53?timeModel=%7B%22duration%22%3A%221d%22%7D
Q11,gAAAAABqQUpHpjUEHO7ib3RwLQWEPwVqkJ0BJCu6bqI18VEu23OuQLLB3TJD6h4mlfX54QA1SEFmQOF848_POALtKGEQNWfl4LDsilMLdRngnWI01CZyjzNRFpOf5a498XYtOpKSxNHrq9efxcAKxsI5g2w74gILBsLR2iWZyWiwX9LRPWNzQryudI3arj2NwepcMgXtMyp9,gAAAAABqQUpH0azvuC3JBUtvaGob5fNRaxk2qRaLkMIOVpGXmgGRPLrorKpfFsvihe9lLbAe4Z9dCW0jJyrsGsdEMnk8sAkHyKHXVz_8flGB3HtHCor7KiRFssmrZOv8Yc5Q4_4ROVadNw9SElnCXfREy33F8h_4K_QXcqHFgEHFgW37i6TL0HQ=,https://zyrohr.streamlit.app/,https://smith.langchain.com/o/bdbbe028-e2d8-49e5-a0c3-05b4ee4e2536/projects/p/ce6d8c96-a948-41be-9a86-3069fc6f6e53?timeModel=%7B%22duration%22%3A%221d%22%7D
Q12,gAAAAABqQUpbr8ocvjETE0CrTdLwNN9-59QUPOKQt_ISxRwBHaK37LFdTM9M-ygo3PRZaZi8eDXZrovV-27F6xljGUEnQnnQFWtzJotrpzLKVoHSjEULZUwX20Qbyj02WkVR4OdszazbL9QipqlsFN79y0iPJ4ZDzxfTRsWLjrYoxPow6wgzSY3yHRFoMoXRxvjUp2uipF7W,gAAAAABqQUpbMrQ9xGFtPNJciagB5begHmMilNxCdAnfwBkr7lowS1r_hcY9pvu-Tt5H2Um4C3yEAYfLdGLnOV9mSsdJCnvS2lyIKwY2DjxILKnITy-gqDOGEnYGgdJhPIFtTLJ2abQOITV_CC7U185DbQgHQWK0jFADMYCEzzVjxItC9kPj_D4=,https://zyrohr.streamlit.app/,https://smith.langchain.com/o/bdbbe028-e2d8-49e5-a0c3-05b4ee4e2536/projects/p/ce6d8c96-a948-41be-9a86-3069fc6f6e53?timeModel=%7B%22duration%22%3A%221d%22%7D
Q13,gAAAAABqQUpo4IGQRH-NJzgkRpos68UyOCbDYJz-G6YeLtY8sHiBoKGUznQOkHG-udp8iMFGNqlRqMtAhIK13InFvjVTshAGctXzIL5GmO6zkQnvkzZZfH5SuVeNM0i6ks66XrY-ONjPpskLOCSQ2u4wjgJ09Q6laCICj08s42J8aa3bA_xZFxSTE67bje6mOGwlFdFVmYlR,gAAAAABqQUpoDZS9ihQJuqw5tsWXwuRfmu6j0HBTPvrRmaqO_OkWpps7hrPnUGoTMnCu2MxRKhyF9AaJ1DowXZKlqvczXww3BPbqy4zysRNn1dY8D8HV2ZvvZD3TKuoH57rKtcPBHcXNYXt1jl4p3LC8jFK0w07Al5J1wVm3I0hiEgSkxRSF5No=,https://zyrohr.streamlit.app/,https://smith.langchain.com/o/bdbbe028-e2d8-49e5-a0c3-05b4ee4e2536/projects/p/ce6d8c96-a948-41be-9a86-3069fc6f6e53?timeModel=%7B%22duration%22%3A%221d%22%7D
Q14,gAAAAABqQUp0ZoeRbbGBHdAOPLvtVhzjlaXi0lEuM-foC7Zmf6Y6-prrxPu1jPp0xi3N2C0uVS5y4sG4Hxe80rwupfGwm3HvwZ3nuD4r5mc0kBXgbW3jENvMlkTqRsX4Pu0uHoho5boovgNj3owm6xwS5SwWsojTWwlKitormoDwz_m9pf64a4M-uPdQqAKgVZDUrPahnfJ-,gAAAAABqQUp0lzkDKsupEtXbFMAm7kNYgJ4vh8k6ctmmMy3vY9uIQH4_uyr9eZCAJlTvjCVLFOUEX0q_b-89k_q4G1zZbXEZ83_1dmpm8jVyIXMq7w2mwQHYkGb_7LjwBVgczbN_lGVc2534zDVYDXaeMl_zWm9xEAYn6ZQRCYpVFII1OniL6OM=,https://zyrohr.streamlit.app/,https://smith.langchain.com/o/bdbbe028-e2d8-49e5-a0c3-05b4ee4e2536/projects/p/ce6d8c96-a948-41be-9a86-3069fc6f6e53?timeModel=%7B%22duration%22%3A%221d%22%7D
Q15,gAAAAABqQUqI30ZwhBSP1b_Vtd--Rz7X7v9TAljzvlIuZX6Q1oOsz4MfncUgUaxvY3iFjy4oR2Tp64oGIEgw-cLPdgFv2WvT5Y3jVg7CDLFb2biiNWOFDx3aZ5SPUJxtnYQLEw1kX27dpFdm1kO2ra_acsufMwAp8iRE5IJIJB1Cz0YveRbCeYWgQFzyB9J-4dZjBARYDxIvrSCuYgAg7fGnddeXgYKvaQ==,gAAAAABqQUqI-LytqZsfEhs1IEWKhJ9f7nlHjX1GjqFfdGNrMsr61iWHJWkkIuxrFNeoJqO5NEXjKYXbc17v4XP62bj3_gbdn9KN5S4OMFRdmn3mrFXViaeSpfT1sXjSzTeszdtAR61QGgkToewXOqcSKVuZ73x2WbN_pTie7PVlbsGECCK4JmY=,https://zyrohr.streamlit.app/,https://smith.langchain.com/o/bdbbe028-e2d8-49e5-a0c3-05b4ee4e2536/projects/p/ce6d8c96-a948-41be-9a86-3069fc6f6e53?timeModel=%7B%22duration%22%3A%221d%22%7D
